--
-- PostgreSQL database dump
--

-- Dumped from database version 12.9 (Ubuntu 12.9-2.pgdg20.04+1)
-- Dumped by pg_dump version 12.9 (Ubuntu 12.9-2.pgdg20.04+1)

SET statement_timeout = 0;
SET lock_timeout = 0;
SET idle_in_transaction_session_timeout = 0;
SET client_encoding = 'UTF8';
SET standard_conforming_strings = on;
SELECT pg_catalog.set_config('search_path', '', false);
SET check_function_bodies = false;
SET xmloption = content;
SET client_min_messages = warning;
SET row_security = off;

DROP DATABASE universe;
--
-- Name: universe; Type: DATABASE; Schema: -; Owner: freecodecamp
--

CREATE DATABASE universe WITH TEMPLATE = template0 ENCODING = 'UTF8' LC_COLLATE = 'C.UTF-8' LC_CTYPE = 'C.UTF-8';


ALTER DATABASE universe OWNER TO freecodecamp;

\connect universe

SET statement_timeout = 0;
SET lock_timeout = 0;
SET idle_in_transaction_session_timeout = 0;
SET client_encoding = 'UTF8';
SET standard_conforming_strings = on;
SELECT pg_catalog.set_config('search_path', '', false);
SET check_function_bodies = false;
SET xmloption = content;
SET client_min_messages = warning;
SET row_security = off;

SET default_tablespace = '';

SET default_table_access_method = heap;

--
-- Name: constellation; Type: TABLE; Schema: public; Owner: freecodecamp
--

CREATE TABLE public.constellation (
    constellation_id integer NOT NULL,
    name character varying(20) NOT NULL,
    galaxy_id integer
);


ALTER TABLE public.constellation OWNER TO freecodecamp;

--
-- Name: constellation_constellation_id_seq; Type: SEQUENCE; Schema: public; Owner: freecodecamp
--

CREATE SEQUENCE public.constellation_constellation_id_seq
    AS integer
    START WITH 1
    INCREMENT BY 1
    NO MINVALUE
    NO MAXVALUE
    CACHE 1;


ALTER TABLE public.constellation_constellation_id_seq OWNER TO freecodecamp;

--
-- Name: constellation_constellation_id_seq; Type: SEQUENCE OWNED BY; Schema: public; Owner: freecodecamp
--

ALTER SEQUENCE public.constellation_constellation_id_seq OWNED BY public.constellation.constellation_id;


--
-- Name: galaxy; Type: TABLE; Schema: public; Owner: freecodecamp
--

CREATE TABLE public.galaxy (
    galaxy_id integer NOT NULL,
    name character varying(30) NOT NULL,
    description text,
    age_in_millions_of_years integer,
    num_of_planets numeric,
    num_of_stars integer,
    num_of_moons integer
);


ALTER TABLE public.galaxy OWNER TO freecodecamp;

--
-- Name: galaxy_galaxy_id_seq; Type: SEQUENCE; Schema: public; Owner: freecodecamp
--

CREATE SEQUENCE public.galaxy_galaxy_id_seq
    AS integer
    START WITH 1
    INCREMENT BY 1
    NO MINVALUE
    NO MAXVALUE
    CACHE 1;


ALTER TABLE public.galaxy_galaxy_id_seq OWNER TO freecodecamp;

--
-- Name: galaxy_galaxy_id_seq; Type: SEQUENCE OWNED BY; Schema: public; Owner: freecodecamp
--

ALTER SEQUENCE public.galaxy_galaxy_id_seq OWNED BY public.galaxy.galaxy_id;


--
-- Name: moon; Type: TABLE; Schema: public; Owner: freecodecamp
--

CREATE TABLE public.moon (
    moon_id integer NOT NULL,
    name character varying(20) NOT NULL,
    planet_id integer,
    is_spherical boolean,
    diameter_in_km numeric
);


ALTER TABLE public.moon OWNER TO freecodecamp;

--
-- Name: moon_moon_id_seq; Type: SEQUENCE; Schema: public; Owner: freecodecamp
--

CREATE SEQUENCE public.moon_moon_id_seq
    AS integer
    START WITH 1
    INCREMENT BY 1
    NO MINVALUE
    NO MAXVALUE
    CACHE 1;


ALTER TABLE public.moon_moon_id_seq OWNER TO freecodecamp;

--
-- Name: moon_moon_id_seq; Type: SEQUENCE OWNED BY; Schema: public; Owner: freecodecamp
--

ALTER SEQUENCE public.moon_moon_id_seq OWNED BY public.moon.moon_id;


--
-- Name: planet; Type: TABLE; Schema: public; Owner: freecodecamp
--

CREATE TABLE public.planet (
    planet_id integer NOT NULL,
    star_id integer NOT NULL,
    name character varying(20) NOT NULL,
    has_life boolean,
    distance_from_star_in_km numeric
);


ALTER TABLE public.planet OWNER TO freecodecamp;

--
-- Name: planet_planet_id_seq; Type: SEQUENCE; Schema: public; Owner: freecodecamp
--

CREATE SEQUENCE public.planet_planet_id_seq
    AS integer
    START WITH 1
    INCREMENT BY 1
    NO MINVALUE
    NO MAXVALUE
    CACHE 1;


ALTER TABLE public.planet_planet_id_seq OWNER TO freecodecamp;

--
-- Name: planet_planet_id_seq; Type: SEQUENCE OWNED BY; Schema: public; Owner: freecodecamp
--

ALTER SEQUENCE public.planet_planet_id_seq OWNED BY public.planet.planet_id;


--
-- Name: star; Type: TABLE; Schema: public; Owner: freecodecamp
--

CREATE TABLE public.star (
    star_id integer NOT NULL,
    galaxy_id integer NOT NULL,
    name character varying(20) NOT NULL,
    is_spherical boolean,
    temp_in_thousands_of_kelvin numeric
);


ALTER TABLE public.star OWNER TO freecodecamp;

--
-- Name: star_star_id_seq; Type: SEQUENCE; Schema: public; Owner: freecodecamp
--

CREATE SEQUENCE public.star_star_id_seq
    AS integer
    START WITH 1
    INCREMENT BY 1
    NO MINVALUE
    NO MAXVALUE
    CACHE 1;


ALTER TABLE public.star_star_id_seq OWNER TO freecodecamp;

--
-- Name: star_star_id_seq; Type: SEQUENCE OWNED BY; Schema: public; Owner: freecodecamp
--

ALTER SEQUENCE public.star_star_id_seq OWNED BY public.star.star_id;


--
-- Name: constellation constellation_id; Type: DEFAULT; Schema: public; Owner: freecodecamp
--

ALTER TABLE ONLY public.constellation ALTER COLUMN constellation_id SET DEFAULT nextval('public.constellation_constellation_id_seq'::regclass);


--
-- Name: galaxy galaxy_id; Type: DEFAULT; Schema: public; Owner: freecodecamp
--

ALTER TABLE ONLY public.galaxy ALTER COLUMN galaxy_id SET DEFAULT nextval('public.galaxy_galaxy_id_seq'::regclass);


--
-- Name: moon moon_id; Type: DEFAULT; Schema: public; Owner: freecodecamp
--

ALTER TABLE ONLY public.moon ALTER COLUMN moon_id SET DEFAULT nextval('public.moon_moon_id_seq'::regclass);


--
-- Name: planet planet_id; Type: DEFAULT; Schema: public; Owner: freecodecamp
--

ALTER TABLE ONLY public.planet ALTER COLUMN planet_id SET DEFAULT nextval('public.planet_planet_id_seq'::regclass);


--
-- Name: star star_id; Type: DEFAULT; Schema: public; Owner: freecodecamp
--

ALTER TABLE ONLY public.star ALTER COLUMN star_id SET DEFAULT nextval('public.star_star_id_seq'::regclass);


--
-- Data for Name: constellation; Type: TABLE DATA; Schema: public; Owner: freecodecamp
--

INSERT INTO public.constellation VALUES (1, 'Constellation1', 1);
INSERT INTO public.constellation VALUES (2, 'Constellation2', 3);
INSERT INTO public.constellation VALUES (3, 'Constellation3', 5);


--
-- Data for Name: galaxy; Type: TABLE DATA; Schema: public; Owner: freecodecamp
--

INSERT INTO public.galaxy VALUES (1, 'galaxy1', 'The first galaxy', 1, 2, 1, 4);
INSERT INTO public.galaxy VALUES (2, 'galaxy2', 'The second galaxy', 2, 2, 1, 3);
INSERT INTO public.galaxy VALUES (3, 'galaxy3', 'The third galaxy', 3, 2, 1, 3);
INSERT INTO public.galaxy VALUES (4, 'galaxy4', 'The fourth galaxy', 4, 2, 1, 3);
INSERT INTO public.galaxy VALUES (5, 'galaxy5', 'The fifth galaxy', 3, 2, 1, 3);
INSERT INTO public.galaxy VALUES (6, 'galaxy6', 'The sixth galaxy', 2, 2, 1, 3);


--
-- Data for Name: moon; Type: TABLE DATA; Schema: public; Owner: freecodecamp
--

INSERT INTO public.moon VALUES (1, 'Moon1', 1, NULL, NULL);
INSERT INTO public.moon VALUES (2, 'Moon2', 1, NULL, NULL);
INSERT INTO public.moon VALUES (3, 'Moon3', 2, NULL, NULL);
INSERT INTO public.moon VALUES (4, 'Moon4', 2, NULL, NULL);
INSERT INTO public.moon VALUES (5, 'Moon5', 3, NULL, NULL);
INSERT INTO public.moon VALUES (6, 'Moon6', 3, NULL, NULL);
INSERT INTO public.moon VALUES (7, 'Moon7', 4, NULL, NULL);
INSERT INTO public.moon VALUES (8, 'Moon8', 4, NULL, NULL);
INSERT INTO public.moon VALUES (9, 'Moon9', 5, NULL, NULL);
INSERT INTO public.moon VALUES (10, 'Moon10', 5, NULL, NULL);
INSERT INTO public.moon VALUES (11, 'Moon11', 6, NULL, NULL);
INSERT INTO public.moon VALUES (12, 'Moon12', 7, NULL, NULL);
INSERT INTO public.moon VALUES (13, 'Moon13', 7, NULL, NULL);
INSERT INTO public.moon VALUES (14, 'Moon14', 8, NULL, NULL);
INSERT INTO public.moon VALUES (15, 'Moon15', 9, NULL, NULL);
INSERT INTO public.moon VALUES (16, 'Moon16', 9, NULL, NULL);
INSERT INTO public.moon VALUES (17, 'Moon17', 10, NULL, NULL);
INSERT INTO public.moon VALUES (18, 'Moon18', 11, NULL, NULL);
INSERT INTO public.moon VALUES (19, 'Moon19', 11, NULL, NULL);
INSERT INTO public.moon VALUES (20, 'Moon20', 12, NULL, NULL);


--
-- Data for Name: planet; Type: TABLE DATA; Schema: public; Owner: freecodecamp
--

INSERT INTO public.planet VALUES (1, 1, 'Planet1', true, 50000);
INSERT INTO public.planet VALUES (2, 1, 'Planet2', false, 1000000);
INSERT INTO public.planet VALUES (3, 2, 'Planet3', false, 100000);
INSERT INTO public.planet VALUES (4, 2, 'Planet4', false, 30000);
INSERT INTO public.planet VALUES (5, 3, 'Planet5', false, 1000000);
INSERT INTO public.planet VALUES (6, 3, 'Planet6', false, 300000000);
INSERT INTO public.planet VALUES (7, 4, 'Planet7', true, 438571934);
INSERT INTO public.planet VALUES (8, 4, 'Planet8', false, 394873291);
INSERT INTO public.planet VALUES (9, 5, 'Planet9', true, 3894713942134);
INSERT INTO public.planet VALUES (10, 5, 'Planet10', false, 20000);
INSERT INTO public.planet VALUES (11, 6, 'Planet11', true, 39481304732198427);
INSERT INTO public.planet VALUES (12, 6, 'Planet12', false, 23129329878);


--
-- Data for Name: star; Type: TABLE DATA; Schema: public; Owner: freecodecamp
--

INSERT INTO public.star VALUES (1, 6, 'star1', true, 30);
INSERT INTO public.star VALUES (2, 5, 'star2', false, 20);
INSERT INTO public.star VALUES (3, 4, 'star3', false, 50);
INSERT INTO public.star VALUES (4, 3, 'star4', true, 40);
INSERT INTO public.star VALUES (5, 2, 'star5', true, 50);
INSERT INTO public.star VALUES (6, 1, 'star6', false, 30);


--
-- Name: constellation_constellation_id_seq; Type: SEQUENCE SET; Schema: public; Owner: freecodecamp
--

SELECT pg_catalog.setval('public.constellation_constellation_id_seq', 3, true);


--
-- Name: galaxy_galaxy_id_seq; Type: SEQUENCE SET; Schema: public; Owner: freecodecamp
--

SELECT pg_catalog.setval('public.galaxy_galaxy_id_seq', 6, true);


--
-- Name: moon_moon_id_seq; Type: SEQUENCE SET; Schema: public; Owner: freecodecamp
--

SELECT pg_catalog.setval('public.moon_moon_id_seq', 20, true);


--
-- Name: planet_planet_id_seq; Type: SEQUENCE SET; Schema: public; Owner: freecodecamp
--

SELECT pg_catalog.setval('public.planet_planet_id_seq', 12, true);


--
-- Name: star_star_id_seq; Type: SEQUENCE SET; Schema: public; Owner: freecodecamp
--

SELECT pg_catalog.setval('public.star_star_id_seq', 6, true);


--
-- Name: constellation constellation_constellation_id_key; Type: CONSTRAINT; Schema: public; Owner: freecodecamp
--

ALTER TABLE ONLY public.constellation
    ADD CONSTRAINT constellation_constellation_id_key UNIQUE (constellation_id);


--
-- Name: constellation constellation_pkey; Type: CONSTRAINT; Schema: public; Owner: freecodecamp
--

ALTER TABLE ONLY public.constellation
    ADD CONSTRAINT constellation_pkey PRIMARY KEY (constellation_id);


--
-- Name: galaxy galaxy_galaxy_id_key; Type: CONSTRAINT; Schema: public; Owner: freecodecamp
--

ALTER TABLE ONLY public.galaxy
    ADD CONSTRAINT galaxy_galaxy_id_key UNIQUE (galaxy_id);


--
-- Name: galaxy galaxy_pkey; Type: CONSTRAINT; Schema: public; Owner: freecodecamp
--

ALTER TABLE ONLY public.galaxy
    ADD CONSTRAINT galaxy_pkey PRIMARY KEY (galaxy_id);


--
-- Name: moon moon_moon_id_key; Type: CONSTRAINT; Schema: public; Owner: freecodecamp
--

ALTER TABLE ONLY public.moon
    ADD CONSTRAINT moon_moon_id_key UNIQUE (moon_id);


--
-- Name: moon moon_pkey; Type: CONSTRAINT; Schema: public; Owner: freecodecamp
--

ALTER TABLE ONLY public.moon
    ADD CONSTRAINT moon_pkey PRIMARY KEY (moon_id);


--
-- Name: planet planet_pkey; Type: CONSTRAINT; Schema: public; Owner: freecodecamp
--

ALTER TABLE ONLY public.planet
    ADD CONSTRAINT planet_pkey PRIMARY KEY (planet_id);


--
-- Name: planet planet_planet_id_key; Type: CONSTRAINT; Schema: public; Owner: freecodecamp
--

ALTER TABLE ONLY public.planet
    ADD CONSTRAINT planet_planet_id_key UNIQUE (planet_id);


--
-- Name: star star_pkey; Type: CONSTRAINT; Schema: public; Owner: freecodecamp
--

ALTER TABLE ONLY public.star
    ADD CONSTRAINT star_pkey PRIMARY KEY (star_id);


--
-- Name: star star_star_id_key; Type: CONSTRAINT; Schema: public; Owner: freecodecamp
--

ALTER TABLE ONLY public.star
    ADD CONSTRAINT star_star_id_key UNIQUE (star_id);


--
-- Name: constellation constellation_galaxy_id_fkey; Type: FK CONSTRAINT; Schema: public; Owner: freecodecamp
--

ALTER TABLE ONLY public.constellation
    ADD CONSTRAINT constellation_galaxy_id_fkey FOREIGN KEY (galaxy_id) REFERENCES public.galaxy(galaxy_id);


--
-- Name: moon moon_planet_id_fkey; Type: FK CONSTRAINT; Schema: public; Owner: freecodecamp
--

ALTER TABLE ONLY public.moon
    ADD CONSTRAINT moon_planet_id_fkey FOREIGN KEY (planet_id) REFERENCES public.planet(planet_id);


--
-- Name: planet planet_star_id_fkey; Type: FK CONSTRAINT; Schema: public; Owner: freecodecamp
--

ALTER TABLE ONLY public.planet
    ADD CONSTRAINT planet_star_id_fkey FOREIGN KEY (star_id) REFERENCES public.star(star_id);


--
-- Name: star star_galaxy_id_fkey; Type: FK CONSTRAINT; Schema: public; Owner: freecodecamp
--

ALTER TABLE ONLY public.star
    ADD CONSTRAINT star_galaxy_id_fkey FOREIGN KEY (galaxy_id) REFERENCES public.galaxy(galaxy_id);


--
-- PostgreSQL database dump complete
--
